date,inflow
2015-01-01,39589
2015-01-02,40013
2015-01-03,36344
2015-01-04,40769
2015-01-05,40998
2015-01-06,40338
2015-01-07,39048
2015-01-08,41263
2015-01-09,41504
2015-01-10,40554
2015-01-11,40234
2015-01-12,39621
2015-01-13,40205
2015-01-14,42862
2015-01-15,41716
2015-01-16,39337
2015-01-17,41945
2015-01-18,43228
2015-01-19,41130
2015-01-20,42459
2015-01-21,42305
2015-01-22,42059
2015-01-23,42818
2015-01-24,43314
2015-01-25,40646
2015-01-26,40379
2015-01-27,42977
2015-01-28,42852
2015-01-29,41781
2015-01-30,42111
2015-01-31,43432
2015-02-01,47471
2015-02-02,46031
2015-02-03,47518
2015-02-04,48109
2015-02-05,47504
2015-02-06,46866
2015-02-07,47889
2015-02-08,49734
2015-02-09,48989
2015-02-10,48285
2015-02-11,48461
2015-02-12,47832
2015-02-13,49058
2015-02-14,48691
2015-02-15,48723
2015-02-16,48042
2015-02-17,47463
2015-02-18,46123
2015-02-19,52099
2015-02-20,48133
2015-02-21,50185
2015-02-22,48736
2015-02-23,49202
2015-02-24,48754
2015-02-25,47886
2015-02-26,49204
2015-02-27,48064
2015-02-28,48130
2015-03-01,53429
2015-03-02,53192
2015-03-03,54068
2015-03-04,54728
2015-03-05,55654
2015-03-06,55056
2015-03-07,54248
2015-03-08,49434
2015-03-09,54043
2015-03-10,52800
2015-03-11,57580
2015-03-12,55250
2015-03-13,56345
2015-03-14,54858
2015-03-15,55861
2015-03-16,54581
2015-03-17,54322
2015-03-18,58530
2015-03-19,55822
2015-03-20,54471
2015-03-21,53690
2015-03-22,56279
2015-03-23,53780
2015-03-24,53920
2015-03-25,53827
2015-03-26,52599
2015-03-27,55017
2015-03-28,56886
2015-03-29,56441
2015-03-30,55351
2015-03-31,55437
2015-04-01,55422
2015-04-02,59485
2015-04-03,58015
2015-04-04,57008
2015-04-05,56372
2015-04-06,56849
2015-04-07,55022
2015-04-08,54938
2015-04-09,55627
2015-04-10,54983
2015-04-11,58462
2015-04-12,57105
2015-04-13,55808
2015-04-14,56305
2015-04-15,54685
2015-04-16,58677
2015-04-17,52071
2015-04-18,60000
2015-04-19,53361
2015-04-20,58426
2015-04-21,57152
2015-04-22,57649
2015-04-23,59585
2015-04-24,56696
2015-04-25,57427
2015-04-26,58774
2015-04-27,56345
2015-04-28,55131
2015-04-29,55383
2015-04-30,57383
2015-05-01,52825
2015-05-02,49527
2015-05-03,53706
2015-05-04,51302
2015-05-05,52017
2015-05-06,54487
2015-05-07,49398
2015-05-08,53160
2015-05-09,53320
2015-05-10,52736
2015-05-11,52871
2015-05-12,51669
2015-05-13,51493
2015-05-14,53215
2015-05-15,52980
2015-05-16,49642
2015-05-17,51299
2015-05-18,51888
2015-05-19,51986
2015-05-20,53179
2015-05-21,49178
2015-05-22,51660
2015-05-23,53192
2015-05-24,52019
2015-05-25,49248
2015-05-26,52403
2015-05-27,49531
2015-05-28,50036
2015-05-29,51803
2015-05-30,51940
2015-05-31,49917
2015-06-01,42614
2015-06-02,39920
2015-06-03,43778
2015-06-04,41967
2015-06-05,41936
2015-06-06,40396
2015-06-07,43546
2015-06-08,42668
2015-06-09,41590
2015-06-10,44191
2015-06-11,43418
2015-06-12,41319
2015-06-13,41885
2015-06-14,40355
2015-06-15,42308
2015-06-16,39209
2015-06-17,41153
2015-06-18,41492
2015-06-19,41001
2015-06-20,40990
2015-06-21,39933
2015-06-22,41287
2015-06-23,41858
2015-06-24,41978
2015-06-25,41913
2015-06-26,40213
2015-06-27,42045
2015-06-28,40109
2015-06-29,40376
2015-06-30,39293
2015-07-01,33629
2015-07-02,36619
2015-07-03,32930
2015-07-04,33969
2015-07-05,35111
2015-07-06,33171
2015-07-07,35322
2015-07-08,33932
2015-07-09,34272
2015-07-10,34836
2015-07-11,34136
2015-07-12,33160
2015-07-13,35142
2015-07-14,33909
2015-07-15,33373
2015-07-16,33577
2015-07-17,32566
2015-07-18,34649
2015-07-19,35364
2015-07-20,34658
2015-07-21,32589
2015-07-22,32314
2015-07-23,32618
2015-07-24,31333
2015-07-25,35317
2015-07-26,32567
2015-07-27,32708
2015-07-28,33958
2015-07-29,30371
2015-07-30,31582
2015-07-31,33156
2015-08-01,31369
2015-08-02,32600
2015-08-03,30381
2015-08-04,29999
2015-08-05,30866
2015-08-06,30282
2015-08-07,31735
2015-08-08,31575
2015-08-09,30482
2015-08-10,30165
2015-08-11,29828
2015-08-12,30386
2015-08-13,31203
2015-08-14,32562
2015-08-15,31289
2015-08-16,30511
2015-08-17,28926
2015-08-18,30687
2015-08-19,28596
2015-08-20,29657
2015-08-21,27655
2015-08-22,29442
2015-08-23,28822
2015-08-24,31149
2015-08-25,29587
2015-08-26,29460
2015-08-27,30757
2015-08-28,29884
2015-08-29,30674
2015-08-30,30254
2015-08-31,29249
2015-09-01,30587
2015-09-02,30666
2015-09-03,31473
2015-09-04,30330
2015-09-05,30983
2015-09-06,29772
2015-09-07,30410
2015-09-08,30341
2015-09-09,30135
2015-09-10,29041
2015-09-11,30284
2015-09-12,29589
2015-09-13,30386
2015-09-14,30382
2015-09-15,30849
2015-09-16,30246
2015-09-17,30745
2015-09-18,29563
2015-09-19,31818
2015-09-20,30120
2015-09-21,27932
2015-09-22,30855
2015-09-23,29438
2015-09-24,29048
2015-09-25,29597
2015-09-26,30334
2015-09-27,29793
2015-09-28,30452
2015-09-29,32169
2015-09-30,30120
2015-10-01,37038
2015-10-02,38143
2015-10-03,35878
2015-10-04,34074
2015-10-05,37531
2015-10-06,37547
2015-10-07,37072
2015-10-08,37712
2015-10-09,37968
2015-10-10,37562
2015-10-11,36660
2015-10-12,35808
2015-10-13,38770
2015-10-14,37314
2015-10-15,36154
2015-10-16,38024
2015-10-17,36967
2015-10-18,37222
2015-10-19,36979
2015-10-20,36050
2015-10-21,38278
2015-10-22,37660
2015-10-23,36925
2015-10-24,37589
2015-10-25,38172
2015-10-26,38916
2015-10-27,39269
2015-10-28,37115
2015-10-29,36774
2015-10-30,36525
2015-10-31,39824
2015-11-01,41974
2015-11-02,45134
2015-11-03,42308
2015-11-04,45604
2015-11-05,44601
2015-11-06,42799
2015-11-07,45061
2015-11-08,42289
2015-11-09,46708
2015-11-10,42884
2015-11-11,45388
2015-11-12,46962
2015-11-13,46798
2015-11-14,44884
2015-11-15,43913
2015-11-16,43456
2015-11-17,42314
2015-11-18,47836
2015-11-19,45679
2015-11-20,42724
2015-11-21,48109
2015-11-22,47269
2015-11-23,43580
2015-11-24,42863
2015-11-25,43268
2015-11-26,46172
2015-11-27,45524
2015-11-28,45533
2015-11-29,46944
2015-11-30,46922
2015-12-01,43481
2015-12-02,41856
2015-12-03,41319
2015-12-04,41645
2015-12-05,45302
2015-12-06,43093
2015-12-07,42034
2015-12-08,43608
2015-12-09,43178
2015-12-10,43997
2015-12-11,45585
2015-12-12,42143
2015-12-13,42091
2015-12-14,41844
2015-12-15,43430
2015-12-16,43634
2015-12-17,41865
2015-12-18,44351
2015-12-19,44646
2015-12-20,45947
2015-12-21,44364
2015-12-22,41935
2015-12-23,45053
2015-12-24,42756
2015-12-25,45198
2015-12-26,45700
2015-12-27,43576
2015-12-28,47124
2015-12-29,42734
2015-12-30,44371
2015-12-31,46657
2016-01-01,38870
2016-01-02,41425
2016-01-03,39647
2016-01-04,40167
2016-01-05,39797
2016-01-06,40666
2016-01-07,42114
2016-01-08,39070
2016-01-09,42295
2016-01-10,43119
2016-01-11,41382
2016-01-12,40945
2016-01-13,41461
2016-01-14,42667
2016-01-15,41194
2016-01-16,41730
2016-01-17,40473
2016-01-18,41211
2016-01-19,41723
2016-01-20,40189
2016-01-21,40775
2016-01-22,40743
2016-01-23,43578
2016-01-24,40825
2016-01-25,43110
2016-01-26,40376
2016-01-27,41974
2016-01-28,41077
2016-01-29,41024
2016-01-30,42161
2016-01-31,42590
2016-02-01,48277
2016-02-02,46864
2016-02-03,50018
2016-02-04,49333
2016-02-05,47074
2016-02-06,46002
2016-02-07,47896
2016-02-08,49587
2016-02-09,48371
2016-02-10,45043
2016-02-11,46819
2016-02-12,48742
2016-02-13,47066
2016-02-14,47468
2016-02-15,47990
2016-02-16,50297
2016-02-17,47015
2016-02-18,46245
2016-02-19,49640
2016-02-20,49368
2016-02-21,47628
2016-02-22,48599
2016-02-23,47764
2016-02-24,48721
2016-02-25,50266
2016-02-26,47741
2016-02-27,50227
2016-02-28,50279
2016-02-29,48042
2016-03-01,54312
2016-03-02,54369
2016-03-03,52871
2016-03-04,53407
2016-03-05,53664
2016-03-06,55474
2016-03-07,54406
2016-03-08,56804
2016-03-09,53831
2016-03-10,56258
2016-03-11,54005
2016-03-12,56071
2016-03-13,54409
2016-03-14,54411
2016-03-15,56413
2016-03-16,56263
2016-03-17,54920
2016-03-18,56824
2016-03-19,53708
2016-03-20,55347
2016-03-21,54118
2016-03-22,54084
2016-03-23,53562
2016-03-24,53383
2016-03-25,54328
2016-03-26,54102
2016-03-27,56332
2016-03-28,54397
2016-03-29,55932
2016-03-30,52831
2016-03-31,56225
2016-04-01,55251
2016-04-02,57292
2016-04-03,58199
2016-04-04,56633
2016-04-05,55857
2016-04-06,58150
2016-04-07,58074
2016-04-08,57600
2016-04-09,53247
2016-04-10,57279
2016-04-11,58120
2016-04-12,57530
2016-04-13,55507
2016-04-14,57126
2016-04-15,53919
2016-04-16,55564
2016-04-17,56880
2016-04-18,55938
2016-04-19,52843
2016-04-20,55821
2016-04-21,56813
2016-04-22,58304
2016-04-23,55556
2016-04-24,58433
2016-04-25,55721
2016-04-26,56666
2016-04-27,55907
2016-04-28,58402
2016-04-29,55613
2016-04-30,55815
2016-05-01,51283
2016-05-02,49689
2016-05-03,52670
2016-05-04,53745
2016-05-05,52992
2016-05-06,51795
2016-05-07,55891
2016-05-08,51799
2016-05-09,53409
2016-05-10,52871
2016-05-11,52956
2016-05-12,51480
2016-05-13,51679
2016-05-14,51113
2016-05-15,52893
2016-05-16,50369
2016-05-17,52642
2016-05-18,53398
2016-05-19,53033
2016-05-20,50341
2016-05-21,49204
2016-05-22,52759
2016-05-23,51273
2016-05-24,50990
2016-05-25,50109
2016-05-26,50515
2016-05-27,49866
2016-05-28,51084
2016-05-29,49670
2016-05-30,51789
2016-05-31,47962
2016-06-01,41878
2016-06-02,42794
2016-06-03,41086
2016-06-04,41844
2016-06-05,42873
2016-06-06,42021
2016-06-07,41192
2016-06-08,42156
2016-06-09,42972
2016-06-10,42718
2016-06-11,41460
2016-06-12,39804
2016-06-13,40257
2016-06-14,43121
2016-06-15,43015
2016-06-16,42844
2016-06-17,39515
2016-06-18,41362
2016-06-19,40542
2016-06-20,44023
2016-06-21,39307
2016-06-22,38121
2016-06-23,41925
2016-06-24,39199
2016-06-25,40490
2016-06-26,40658
2016-06-27,39921
2016-06-28,40999
2016-06-29,41344
2016-06-30,38695
2016-07-01,34176
2016-07-02,34658
2016-07-03,33010
2016-07-04,34550
2016-07-05,35398
2016-07-06,35216
2016-07-07,35626
2016-07-08,33455
2016-07-09,32254
2016-07-10,32166
2016-07-11,33586
2016-07-12,34049
2016-07-13,33033
2016-07-14,32720
2016-07-15,33968
2016-07-16,33702
2016-07-17,32600
2016-07-18,33806
2016-07-19,33924
2016-07-20,32648
2016-07-21,33247
2016-07-22,32370
2016-07-23,33826
2016-07-24,31320
2016-07-25,33386
2016-07-26,33160
2016-07-27,32824
2016-07-28,33356
2016-07-29,33354
2016-07-30,32836
2016-07-31,32165
2016-08-01,32256
2016-08-02,31682
2016-08-03,31717
2016-08-04,32354
2016-08-05,30130
2016-08-06,30962
2016-08-07,32644
2016-08-08,31083
2016-08-09,30077
2016-08-10,30179
2016-08-11,29698
2016-08-12,31642
2016-08-13,30470
2016-08-14,30073
2016-08-15,30051
2016-08-16,30762
2016-08-17,32168
2016-08-18,32124
2016-08-19,32352
2016-08-20,28683
2016-08-21,31061
2016-08-22,30934
2016-08-23,30135
2016-08-24,31034
2016-08-25,30771
2016-08-26,29911
2016-08-27,28477
2016-08-28,28427
2016-08-29,30991
2016-08-30,32590
2016-08-31,28494
2016-09-01,31210
2016-09-02,30326
2016-09-03,28451
2016-09-04,30152
2016-09-05,30975
2016-09-06,30369
2016-09-07,31201
2016-09-08,32238
2016-09-09,30186
2016-09-10,29604
2016-09-11,28890
2016-09-12,30123
2016-09-13,31182
2016-09-14,29403
2016-09-15,29902
2016-09-16,31337
2016-09-17,30952
2016-09-18,31091
2016-09-19,30549
2016-09-20,29953
2016-09-21,32018
2016-09-22,31183
2016-09-23,29991
2016-09-24,27842
2016-09-25,30519
2016-09-26,29237
2016-09-27,30643
2016-09-28,29617
2016-09-29,28876
2016-09-30,32219
2016-10-01,36841
2016-10-02,39500
2016-10-03,37664
2016-10-04,37919
2016-10-05,35914
2016-10-06,35573
2016-10-07,36801
2016-10-08,37806
2016-10-09,39047
2016-10-10,38058
2016-10-11,35309
2016-10-12,39651
2016-10-13,35790
2016-10-14,37449
2016-10-15,37333
2016-10-16,38835
2016-10-17,36078
2016-10-18,35283
2016-10-19,34260
2016-10-20,36371
2016-10-21,36003
2016-10-22,34904
2016-10-23,37072
2016-10-24,37278
2016-10-25,36517
2016-10-26,38904
2016-10-27,36757
2016-10-28,37324
2016-10-29,37934
2016-10-30,37748
2016-10-31,36050
2016-11-01,42237
2016-11-02,44155
2016-11-03,42782
2016-11-04,47324
2016-11-05,42952
2016-11-06,43894
2016-11-07,43281
2016-11-08,43367
2016-11-09,43454
2016-11-10,43368
2016-11-11,43466
2016-11-12,45479
2016-11-13,41759
2016-11-14,43906
2016-11-15,46449
2016-11-16,44244
2016-11-17,45953
2016-11-18,46031
2016-11-19,45004
2016-11-20,44489
2016-11-21,44643
2016-11-22,42245
2016-11-23,46159
2016-11-24,46693
2016-11-25,43915
2016-11-26,45201
2016-11-27,45159
2016-11-28,47096
2016-11-29,45548
2016-11-30,44848
2016-12-01,42067
2016-12-02,43047
2016-12-03,43719
2016-12-04,42696
2016-12-05,43621
2016-12-06,42570
2016-12-07,42477
2016-12-08,44101
2016-12-09,41791
2016-12-10,42360
2016-12-11,42651
2016-12-12,43483
2016-12-13,43680
2016-12-14,42094
2016-12-15,44424
2016-12-16,44327
2016-12-17,44000
2016-12-18,43961
2016-12-19,46225
2016-12-20,45747
2016-12-21,42689
2016-12-22,41812
2016-12-23,45331
2016-12-24,43848
2016-12-25,46990
2016-12-26,45908
2016-12-27,46495
2016-12-28,43466
2016-12-29,46853
2016-12-30,45128
2016-12-31,45341
2017-01-01,39921
2017-01-02,40466
2017-01-03,41426
2017-01-04,39665
2017-01-05,41302
2017-01-06,41827
2017-01-07,41272
2017-01-08,38053
2017-01-09,41557
2017-01-10,39678
2017-01-11,40560
2017-01-12,41075
2017-01-13,42972
2017-01-14,41486
2017-01-15,42952
2017-01-16,42736
2017-01-17,42165
2017-01-18,41564
2017-01-19,41817
2017-01-20,42398
2017-01-21,41980
2017-01-22,41453
2017-01-23,41048
2017-01-24,43393
2017-01-25,43289
2017-01-26,42740
2017-01-27,41315
2017-01-28,42585
2017-01-29,41825
2017-01-30,42828
2017-01-31,43934
2017-02-01,46291
2017-02-02,49466
2017-02-03,46744
2017-02-04,47435
2017-02-05,48261
2017-02-06,46741
2017-02-07,49098
2017-02-08,49484
2017-02-09,50547
2017-02-10,47461
2017-02-11,48864
2017-02-12,50423
2017-02-13,48539
2017-02-14,48208
2017-02-15,51293
2017-02-16,45548
2017-02-17,47328
2017-02-18,46306
2017-02-19,48307
2017-02-20,48092
2017-02-21,46775
2017-02-22,49796
2017-02-23,48856
2017-02-24,48467
2017-02-25,46812
2017-02-26,49593
2017-02-27,47660
2017-02-28,49052
2017-03-01,60000
2017-03-02,60000
2017-03-03,60000
2017-03-04,60000
2017-03-05,60000
2017-03-06,60000
2017-03-07,60000
2017-03-08,60000
2017-03-09,60000
2017-03-10,60000
2017-03-11,60000
2017-03-12,60000
2017-03-13,60000
2017-03-14,60000
2017-03-15,60000
2017-03-16,60000
2017-03-17,60000
2017-03-18,60000
2017-03-19,60000
2017-03-20,60000
2017-03-21,60000
2017-03-22,60000
2017-03-23,60000
2017-03-24,60000
2017-03-25,60000
2017-03-26,60000
2017-03-27,60000
2017-03-28,60000
2017-03-29,60000
2017-03-30,60000
2017-03-31,60000
2017-04-01,59385
2017-04-02,59695
2017-04-03,56474
2017-04-04,56948
2017-04-05,58291
2017-04-06,57805
2017-04-07,57472
2017-04-08,56797
2017-04-09,56440
2017-04-10,57250
2017-04-11,55470
2017-04-12,57825
2017-04-13,55934
2017-04-14,57408
2017-04-15,55370
2017-04-16,58263
2017-04-17,59342
2017-04-18,56530
2017-04-19,58548
2017-04-20,54589
2017-04-21,59099
2017-04-22,56189
2017-04-23,56674
2017-04-24,53604
2017-04-25,58429
2017-04-26,60000
2017-04-27,56984
2017-04-28,56956
2017-04-29,59026
2017-04-30,56280
2017-05-01,56082
2017-05-02,51492
2017-05-03,51861
2017-05-04,53011
2017-05-05,49488
2017-05-06,50159
2017-05-07,54272
2017-05-08,52145
2017-05-09,51331
2017-05-10,50182
2017-05-11,54045
2017-05-12,53212
2017-05-13,51697
2017-05-14,52427
2017-05-15,51927
2017-05-16,51712
2017-05-17,54837
2017-05-18,49412
2017-05-19,54299
2017-05-20,51303
2017-05-21,50056
2017-05-22,50896
2017-05-23,53214
2017-05-24,50335
2017-05-25,49031
2017-05-26,49115
2017-05-27,51441
2017-05-28,51736
2017-05-29,50369
2017-05-30,52203
2017-05-31,49574
2017-06-01,41671
2017-06-02,40848
2017-06-03,42903
2017-06-04,41811
2017-06-05,44561
2017-06-06,40823
2017-06-07,41949
2017-06-08,42351
2017-06-09,41997
2017-06-10,42414
2017-06-11,41718
2017-06-12,41868
2017-06-13,41032
2017-06-14,39531
2017-06-15,41374
2017-06-16,43899
2017-06-17,42271
2017-06-18,41056
2017-06-19,41755
2017-06-20,39763
2017-06-21,41573
2017-06-22,40431
2017-06-23,40630
2017-06-24,42614
2017-06-25,39964
2017-06-26,43307
2017-06-27,40486
2017-06-28,41320
2017-06-29,38722
2017-06-30,39095
2017-07-01,37237
2017-07-02,35042
2017-07-03,31856
2017-07-04,35692
2017-07-05,34682
2017-07-06,34504
2017-07-07,35750
2017-07-08,34304
2017-07-09,35352
2017-07-10,35266
2017-07-11,33128
2017-07-12,35518
2017-07-13,32219
2017-07-14,35102
2017-07-15,34291
2017-07-16,30833
2017-07-17,33560
2017-07-18,34291
2017-07-19,34626
2017-07-20,33704
2017-07-21,33930
2017-07-22,33128
2017-07-23,32809
2017-07-24,31178
2017-07-25,32333
2017-07-26,31572
2017-07-27,31529
2017-07-28,33342
2017-07-29,32640
2017-07-30,32587
2017-07-31,31420
2017-08-01,29197
2017-08-02,30754
2017-08-03,31647
2017-08-04,32411
2017-08-05,29773
2017-08-06,31329
2017-08-07,29998
2017-08-08,31204
2017-08-09,30212
2017-08-10,30231
2017-08-11,31194
2017-08-12,30552
2017-08-13,30844
2017-08-14,30551
2017-08-15,31624
2017-08-16,30630
2017-08-17,30259
2017-08-18,29665
2017-08-19,31101
2017-08-20,32384
2017-08-21,29137
2017-08-22,29287
2017-08-23,28311
2017-08-24,30717
2017-08-25,30925
2017-08-26,29360
2017-08-27,30213
2017-08-28,30562
2017-08-29,28959
2017-08-30,30175
2017-08-31,29371
2017-09-01,32110
2017-09-02,31583
2017-09-03,30607
2017-09-04,32358
2017-09-05,28502
2017-09-06,30472
2017-09-07,30606
2017-09-08,29556
2017-09-09,28122
2017-09-10,30119
2017-09-11,29738
2017-09-12,30766
2017-09-13,29434
2017-09-14,30506
2017-09-15,28640
2017-09-16,30893
2017-09-17,30204
2017-09-18,29044
2017-09-19,30646
2017-09-20,31691
2017-09-21,30394
2017-09-22,32716
2017-09-23,31906
2017-09-24,28627
2017-09-25,29961
2017-09-26,31461
2017-09-27,30455
2017-09-28,30316
2017-09-29,31048
2017-09-30,30388
2017-10-01,39336
2017-10-02,38664
2017-10-03,37337
2017-10-04,37173
2017-10-05,38390
2017-10-06,38454
2017-10-07,37641
2017-10-08,37628
2017-10-09,38781
2017-10-10,37535
2017-10-11,36970
2017-10-12,36246
2017-10-13,36731
2017-10-14,38256
2017-10-15,38918
2017-10-16,38957
2017-10-17,37714
2017-10-18,37441
2017-10-19,36215
2017-10-20,37040
2017-10-21,35952
2017-10-22,39931
2017-10-23,37305
2017-10-24,36359
2017-10-25,38548
2017-10-26,39579
2017-10-27,36612
2017-10-28,38706
2017-10-29,36246
2017-10-30,38639
2017-10-31,37794
2017-11-01,43640
2017-11-02,44294
2017-11-03,46849
2017-11-04,43596
2017-11-05,42447
2017-11-06,45833
2017-11-07,43350
2017-11-08,44335
2017-11-09,43472
2017-11-10,45082
2017-11-11,45719
2017-11-12,45267
2017-11-13,45879
2017-11-14,42138
2017-11-15,46905
2017-11-16,46180
2017-11-17,45489
2017-11-18,45317
2017-11-19,44421
2017-11-20,43398
2017-11-21,45346
2017-11-22,47214
2017-11-23,44329
2017-11-24,43372
2017-11-25,44867
2017-11-26,45657
2017-11-27,46984
2017-11-28,44068
2017-11-29,45292
2017-11-30,43626
2017-12-01,44065
2017-12-02,40377
2017-12-03,42847
2017-12-04,42030
2017-12-05,42666
2017-12-06,44607
2017-12-07,43306
2017-12-08,43410
2017-12-09,42862
2017-12-10,43296
2017-12-11,42725
2017-12-12,43184
2017-12-13,44407
2017-12-14,44042
2017-12-15,43640
2017-12-16,43565
2017-12-17,45087
2017-12-18,44501
2017-12-19,42943
2017-12-20,43336
2017-12-21,44938
2017-12-22,45280
2017-12-23,41802
2017-12-24,41898
2017-12-25,44125
2017-12-26,45226
2017-12-27,44939
2017-12-28,46260
2017-12-29,44558
2017-12-30,45455
2017-12-31,46590
2018-01-01,41195
2018-01-02,42440
2018-01-03,39661
2018-01-04,39440
2018-01-05,40027
2018-01-06,40665
2018-01-07,39867
2018-01-08,40444
2018-01-09,40357
2018-01-10,42676
2018-01-11,41022
2018-01-12,41753
2018-01-13,41473
2018-01-14,39436
2018-01-15,42508
2018-01-16,39912
2018-01-17,42536
2018-01-18,42071
2018-01-19,40583
2018-01-20,40394
2018-01-21,40530
2018-01-22,44476
2018-01-23,41618
2018-01-24,41633
2018-01-25,39568
2018-01-26,43960
2018-01-27,41152
2018-01-28,42451
2018-01-29,42318
2018-01-30,41099
2018-01-31,43100
2018-02-01,46831
2018-02-02,47291
2018-02-03,48211
2018-02-04,46237
2018-02-05,47154
2018-02-06,46671
2018-02-07,45968
2018-02-08,47326
2018-02-09,44876
2018-02-10,48806
2018-02-11,48178
2018-02-12,45968
2018-02-13,47879
2018-02-14,46683
2018-02-15,48072
2018-02-16,49005
2018-02-17,48144
2018-02-18,50602
2018-02-19,49240
2018-02-20,46922
2018-02-21,49952
2018-02-22,49302
2018-02-23,48261
2018-02-24,48418
2018-02-25,51219
2018-02-26,50292
2018-02-27,48833
2018-02-28,50833
2018-03-01,57915
2018-03-02,54517
2018-03-03,52566
2018-03-04,52967
2018-03-05,52698
2018-03-06,52481
2018-03-07,54598
2018-03-08,55087
2018-03-09,54052
2018-03-10,52819
2018-03-11,56037
2018-03-12,53200
2018-03-13,54501
2018-03-14,55484
2018-03-15,53798
2018-03-16,53424
2018-03-17,53855
2018-03-18,54102
2018-03-19,57423
2018-03-20,55634
2018-03-21,55185
2018-03-22,54957
2018-03-23,55443
2018-03-24,54781
2018-03-25,52868
2018-03-26,54400
2018-03-27,55130
2018-03-28,53269
2018-03-29,55905
2018-03-30,57312
2018-03-31,56409
2018-04-01,56279
2018-04-02,58470
2018-04-03,56454
2018-04-04,57996
2018-04-05,54238
2018-04-06,54682
2018-04-07,56877
2018-04-08,56132
2018-04-09,57165
2018-04-10,57713
2018-04-11,59581
2018-04-12,58113
2018-04-13,57944
2018-04-14,57475
2018-04-15,56709
2018-04-16,56977
2018-04-17,54623
2018-04-18,55051
2018-04-19,59983
2018-04-20,56880
2018-04-21,59612
2018-04-22,56851
2018-04-23,54342
2018-04-24,54398
2018-04-25,57907
2018-04-26,60000
2018-04-27,56719
2018-04-28,56171
2018-04-29,56324
2018-04-30,58448
2018-05-01,53605
2018-05-02,49962
2018-05-03,53340
2018-05-04,50989
2018-05-05,49053
2018-05-06,52352
2018-05-07,52631
2018-05-08,50538
2018-05-09,51663
2018-05-10,51954
2018-05-11,51240
2018-05-12,49686
2018-05-13,52275
2018-05-14,51634
2018-05-15,50525
2018-05-16,51691
2018-05-17,49249
2018-05-18,51005
2018-05-19,50585
2018-05-20,52413
2018-05-21,49615
2018-05-22,51686
2018-05-23,50713
2018-05-24,52342
2018-05-25,52687
2018-05-26,51569
2018-05-27,50936
2018-05-28,46915
2018-05-29,49466
2018-05-30,49053
2018-05-31,49199
2018-06-01,43457
2018-06-02,42615
2018-06-03,42084
2018-06-04,44063
2018-06-05,42160
2018-06-06,42698
2018-06-07,41544
2018-06-08,41253
2018-06-09,41888
2018-06-10,41630
2018-06-11,40126
2018-06-12,42365
2018-06-13,42150
2018-06-14,42189
2018-06-15,40773
2018-06-16,42425
2018-06-17,39412
2018-06-18,40695
2018-06-19,41606
2018-06-20,41377
2018-06-21,38445
2018-06-22,40081
2018-06-23,41100
2018-06-24,40673
2018-06-25,41378
2018-06-26,42102
2018-06-27,39639
2018-06-28,40197
2018-06-29,39983
2018-06-30,40613
2018-07-01,33762
2018-07-02,33473
2018-07-03,36143
2018-07-04,34408
2018-07-05,34147
2018-07-06,33670
2018-07-07,31620
2018-07-08,34591
2018-07-09,35640
2018-07-10,34286
2018-07-11,34600
2018-07-12,33725
2018-07-13,32706
2018-07-14,32385
2018-07-15,34713
2018-07-16,33831
2018-07-17,34521
2018-07-18,34749
2018-07-19,32251
2018-07-20,32476
2018-07-21,33875
2018-07-22,34227
2018-07-23,33755
2018-07-24,34674
2018-07-25,33551
2018-07-26,32203
2018-07-27,31573
2018-07-28,31900
2018-07-29,32614
2018-07-30,32842
2018-07-31,32064
2018-08-01,30276
2018-08-02,31052
2018-08-03,30360
2018-08-04,31361
2018-08-05,33128
2018-08-06,30004
2018-08-07,28957
2018-08-08,30896
2018-08-09,28722
2018-08-10,31354
2018-08-11,30681
2018-08-12,28296
2018-08-13,29843
2018-08-14,30175
2018-08-15,30826
2018-08-16,31167
2018-08-17,30432
2018-08-18,29934
2018-08-19,30375
2018-08-20,31786
2018-08-21,28975
2018-08-22,32216
2018-08-23,30774
2018-08-24,29879
2018-08-25,29986
2018-08-26,28562
2018-08-27,29901
2018-08-28,29726
2018-08-29,30004
2018-08-30,29970
2018-08-31,27153
2018-09-01,31227
2018-09-02,31246
2018-09-03,30655
2018-09-04,31107
2018-09-05,30457
2018-09-06,28651
2018-09-07,30938
2018-09-08,30523
2018-09-09,30943
2018-09-10,29003
2018-09-11,29764
2018-09-12,30469
2018-09-13,31364
2018-09-14,30307
2018-09-15,30449
2018-09-16,29727
2018-09-17,31621
2018-09-18,30103
2018-09-19,31144
2018-09-20,30654
2018-09-21,30254
2018-09-22,29452
2018-09-23,30381
2018-09-24,28962
2018-09-25,30202
2018-09-26,31043
2018-09-27,28966
2018-09-28,29273
2018-09-29,29955
2018-09-30,31559
2018-10-01,33004
2018-10-02,38919
2018-10-03,38671
2018-10-04,35711
2018-10-05,35438
2018-10-06,38405
2018-10-07,36043
2018-10-08,36872
2018-10-09,38074
2018-10-10,38776
2018-10-11,38399
2018-10-12,38294
2018-10-13,37781
2018-10-14,38160
2018-10-15,39314
2018-10-16,38029
2018-10-17,38400
2018-10-18,38159
2018-10-19,38096
2018-10-20,34936
2018-10-21,37021
2018-10-22,37388
2018-10-23,37691
2018-10-24,39133
2018-10-25,37435
2018-10-26,36272
2018-10-27,38585
2018-10-28,36962
2018-10-29,37496
2018-10-30,35797
2018-10-31,39511
2018-11-01,47321
2018-11-02,45275
2018-11-03,47368
2018-11-04,45766
2018-11-05,42055
2018-11-06,44786
2018-11-07,44783
2018-11-08,46780
2018-11-09,41353
2018-11-10,44505
2018-11-11,41914
2018-11-12,44047
2018-11-13,46807
2018-11-14,43757
2018-11-15,44640
2018-11-16,47039
2018-11-17,44949
2018-11-18,42720
2018-11-19,46344
2018-11-20,41095
2018-11-21,44068
2018-11-22,44062
2018-11-23,46043
2018-11-24,43361
2018-11-25,43668
2018-11-26,44871
2018-11-27,45839
2018-11-28,44286
2018-11-29,44153
2018-11-30,44223
2018-12-01,42871
2018-12-02,42370
2018-12-03,45597
2018-12-04,40460
2018-12-05,42796
2018-12-06,42542
2018-12-07,42934
2018-12-08,41089
2018-12-09,42700
2018-12-10,43816
2018-12-11,44197
2018-12-12,43162
2018-12-13,46045
2018-12-14,44178
2018-12-15,43585
2018-12-16,43681
2018-12-17,45479
2018-12-18,42579
2018-12-19,42298
2018-12-20,45062
2018-12-21,42890
2018-12-22,42935
2018-12-23,42878
2018-12-24,44266
2018-12-25,44934
2018-12-26,44174
2018-12-27,41681
2018-12-28,46660
2018-12-29,47058
2018-12-30,45270
2018-12-31,47832
2019-01-01,41091
2019-01-02,40597
2019-01-03,38076
2019-01-04,42007
2019-01-05,41889
2019-01-06,39572
2019-01-07,40175
2019-01-08,39820
2019-01-09,43269
2019-01-10,40900
2019-01-11,40919
2019-01-12,45276
2019-01-13,40276
2019-01-14,42131
2019-01-15,41672
2019-01-16,41449
2019-01-17,39670
2019-01-18,42717
2019-01-19,42514
2019-01-20,41552
2019-01-21,41405
2019-01-22,41756
2019-01-23,41056
2019-01-24,43870
2019-01-25,41985
2019-01-26,41591
2019-01-27,41917
2019-01-28,41729
2019-01-29,41968
2019-01-30,44372
2019-01-31,42360
2019-02-01,47456
2019-02-02,46889
2019-02-03,47203
2019-02-04,47423
2019-02-05,47775
2019-02-06,45952
2019-02-07,47900
2019-02-08,50200
2019-02-09,49115
2019-02-10,50651
2019-02-11,48826
2019-02-12,50677
2019-02-13,50683
2019-02-14,48578
2019-02-15,48635
2019-02-16,49765
2019-02-17,48142
2019-02-18,48405
2019-02-19,49220
2019-02-20,47746
2019-02-21,48703
2019-02-22,51951
2019-02-23,47516
2019-02-24,49680
2019-02-25,48798
2019-02-26,48040
2019-02-27,48611
2019-02-28,48222
2019-03-01,54836
2019-03-02,57624
2019-03-03,56455
2019-03-04,55827
2019-03-05,53518
2019-03-06,52998
2019-03-07,54198
2019-03-08,52882
2019-03-09,53713
2019-03-10,52858
2019-03-11,53062
2019-03-12,53608
2019-03-13,56413
2019-03-14,52369
2019-03-15,52984
2019-03-16,52326
2019-03-17,56704
2019-03-18,54279
2019-03-19,55068
2019-03-20,54333
2019-03-21,53669
2019-03-22,54515
2019-03-23,55298
2019-03-24,55956
2019-03-25,56743
2019-03-26,52190
2019-03-27,53550
2019-03-28,53080
2019-03-29,54226
2019-03-30,53861
2019-03-31,57580
2019-04-01,57152
2019-04-02,57551
2019-04-03,58996
2019-04-04,58005
2019-04-05,58060
2019-04-06,58820
2019-04-07,60000
2019-04-08,55332
2019-04-09,56991
2019-04-10,56835
2019-04-11,57382
2019-04-12,56212
2019-04-13,60000
2019-04-14,56454
2019-04-15,60000
2019-04-16,55958
2019-04-17,56458
2019-04-18,60000
2019-04-19,59039
2019-04-20,55900
2019-04-21,56755
2019-04-22,60000
2019-04-23,54454
2019-04-24,55991
2019-04-25,59469
2019-04-26,53738
2019-04-27,57590
2019-04-28,54409
2019-04-29,55952
2019-04-30,56214
2019-05-01,49388
2019-05-02,53159
2019-05-03,54527
2019-05-04,50986
2019-05-05,52095
2019-05-06,51766
2019-05-07,53152
2019-05-08,50205
2019-05-09,50348
2019-05-10,51881
2019-05-11,53521
2019-05-12,51104
2019-05-13,47965
2019-05-14,50565
2019-05-15,51530
2019-05-16,52437
2019-05-17,50201
2019-05-18,52346
2019-05-19,50720
2019-05-20,51725
2019-05-21,52692
2019-05-22,53583
2019-05-23,50403
2019-05-24,51226
2019-05-25,50710
2019-05-26,51330
2019-05-27,50233
2019-05-28,51428
2019-05-29,49129
2019-05-30,50250
2019-05-31,49295
2019-06-01,44469
2019-06-02,39422
2019-06-03,43105
2019-06-04,41948
2019-06-05,41659
2019-06-06,41349
2019-06-07,40046
2019-06-08,39742
2019-06-09,43553
2019-06-10,41180
2019-06-11,40593
2019-06-12,41958
2019-06-13,40474
2019-06-14,40239
2019-06-15,41191
2019-06-16,41853
2019-06-17,38536
2019-06-18,39182
2019-06-19,41399
2019-06-20,40443
2019-06-21,41395
2019-06-22,42621
2019-06-23,41094
2019-06-24,41040
2019-06-25,40492
2019-06-26,42031
2019-06-27,38990
2019-06-28,39849
2019-06-29,42407
2019-06-30,38632
2019-07-01,34323
2019-07-02,37059
2019-07-03,34023
2019-07-04,34702
2019-07-05,33823
2019-07-06,33276
2019-07-07,33989
2019-07-08,35900
2019-07-09,35523
2019-07-10,34563
2019-07-11,34058
2019-07-12,35623
2019-07-13,34522
2019-07-14,35279
2019-07-15,34397
2019-07-16,32902
2019-07-17,33891
2019-07-18,33950
2019-07-19,34705
2019-07-20,32632
2019-07-21,33757
2019-07-22,31567
2019-07-23,33529
2019-07-24,31164
2019-07-25,32936
2019-07-26,34259
2019-07-27,32779
2019-07-28,32122
2019-07-29,32654
2019-07-30,32192
2019-07-31,33912
2019-08-01,33131
2019-08-02,30371
2019-08-03,30747
2019-08-04,31147
2019-08-05,30859
2019-08-06,28589
2019-08-07,29683
2019-08-08,31736
2019-08-09,31741
2019-08-10,32704
2019-08-11,30903
2019-08-12,32514
2019-08-13,32285
2019-08-14,31344
2019-08-15,29780
2019-08-16,29396
2019-08-17,31296
2019-08-18,30704
2019-08-19,31165
2019-08-20,32103
2019-08-21,30406
2019-08-22,29785
2019-08-23,30600
2019-08-24,30531
2019-08-25,29263
2019-08-26,29681
2019-08-27,29540
2019-08-28,30525
2019-08-29,29179
2019-08-30,30617
2019-08-31,30870
2019-09-01,30516
2019-09-02,29499
2019-09-03,29654
2019-09-04,31537
2019-09-05,29958
2019-09-06,29128
2019-09-07,30219
2019-09-08,29901
2019-09-09,30986
2019-09-10,31066
2019-09-11,29938
2019-09-12,31113
2019-09-13,29711
2019-09-14,29607
2019-09-15,29356
2019-09-16,28398
2019-09-17,26928
2019-09-18,31932
2019-09-19,30009
2019-09-20,29749
2019-09-21,28586
2019-09-22,29855
2019-09-23,28920
2019-09-24,29048
2019-09-25,28730
2019-09-26,29363
2019-09-27,29627
2019-09-28,31325
2019-09-29,30061
2019-09-30,30317
2019-10-01,37490
2019-10-02,37546
2019-10-03,37887
2019-10-04,37314
2019-10-05,39616
2019-10-06,37942
2019-10-07,37621
2019-10-08,36286
2019-10-09,38772
2019-10-10,36580
2019-10-11,38222
2019-10-12,35404
2019-10-13,34771
2019-10-14,39818
2019-10-15,36046
2019-10-16,38048
2019-10-17,36073
2019-10-18,37696
2019-10-19,37174
2019-10-20,37626
2019-10-21,37902
2019-10-22,36496
2019-10-23,36388
2019-10-24,35637
2019-10-25,39068
2019-10-26,38139
2019-10-27,38649
2019-10-28,37645
2019-10-29,39334
2019-10-30,37601
2019-10-31,37286
2019-11-01,42897
2019-11-02,44989
2019-11-03,43275
2019-11-04,44416
2019-11-05,40768
2019-11-06,43411
2019-11-07,43288
2019-11-08,46612
2019-11-09,44315
2019-11-10,45867
2019-11-11,43586
2019-11-12,43498
2019-11-13,44574
2019-11-14,44048
2019-11-15,45836
2019-11-16,43824
2019-11-17,44710
2019-11-18,43955
2019-11-19,44382
2019-11-20,43657
2019-11-21,44870
2019-11-22,43855
2019-11-23,45950
2019-11-24,44955
2019-11-25,44993
2019-11-26,47435
2019-11-27,46153
2019-11-28,44955
2019-11-29,44349
2019-11-30,45877
2019-12-01,42085
2019-12-02,43003
2019-12-03,43906
2019-12-04,41676
2019-12-05,43859
2019-12-06,40966
2019-12-07,42586
2019-12-08,43441
2019-12-09,44505
2019-12-10,41375
2019-12-11,42423
2019-12-12,42185
2019-12-13,45219
2019-12-14,43871
2019-12-15,43478
2019-12-16,43806
2019-12-17,40747
2019-12-18,44189
2019-12-19,45932
2019-12-20,44697
2019-12-21,43736
2019-12-22,43244
2019-12-23,42475
2019-12-24,44787
2019-12-25,46477
2019-12-26,44679
2019-12-27,43493
2019-12-28,44338
2019-12-29,45579
2019-12-30,47369
2019-12-31,47631
2020-01-01,39450
2020-01-02,41530
2020-01-03,42316
2020-01-04,38819
2020-01-05,41863
2020-01-06,38534
2020-01-07,40569
2020-01-08,41672
2020-01-09,41617
2020-01-10,41519
2020-01-11,40473
2020-01-12,40704
2020-01-13,41078
2020-01-14,40741
2020-01-15,40113
2020-01-16,41334
2020-01-17,40893
2020-01-18,43768
2020-01-19,41920
2020-01-20,40555
2020-01-21,40409
2020-01-22,41307
2020-01-23,42598
2020-01-24,42064
2020-01-25,41830
2020-01-26,43838
2020-01-27,41361
2020-01-28,41337
2020-01-29,42809
2020-01-30,42363
2020-01-31,43488
2020-02-01,50243
2020-02-02,47466
2020-02-03,47651
2020-02-04,48338
2020-02-05,48194
2020-02-06,47167
2020-02-07,48306
2020-02-08,49975
2020-02-09,48579
2020-02-10,47884
2020-02-11,47218
2020-02-12,48649
2020-02-13,49099
2020-02-14,49588
2020-02-15,49182
2020-02-16,50778
2020-02-17,48137
2020-02-18,46136
2020-02-19,49317
2020-02-20,50294
2020-02-21,49934
2020-02-22,49271
2020-02-23,48579
2020-02-24,47295
2020-02-25,49320
2020-02-26,47482
2020-02-27,49597
2020-02-28,51111
2020-02-29,48397
2020-03-01,53918
2020-03-02,55072
2020-03-03,57687
2020-03-04,54753
2020-03-05,53563
2020-03-06,52195
2020-03-07,53325
2020-03-08,54402
2020-03-09,55664
2020-03-10,53758
2020-03-11,56578
2020-03-12,53466
2020-03-13,53221
2020-03-14,54653
2020-03-15,54214
2020-03-16,57008
2020-03-17,54331
2020-03-18,57096
2020-03-19,57491
2020-03-20,53080
2020-03-21,53442
2020-03-22,54735
2020-03-23,58030
2020-03-24,50438
2020-03-25,54744
2020-03-26,57419
2020-03-27,55001
2020-03-28,57341
2020-03-29,55398
2020-03-30,53523
2020-03-31,54899
2020-04-01,55879
2020-04-02,56644
2020-04-03,58822
2020-04-04,58212
2020-04-05,58541
2020-04-06,53610
2020-04-07,54810
2020-04-08,55559
2020-04-09,55604
2020-04-10,56443
2020-04-11,54074
2020-04-12,57077
2020-04-13,58250
2020-04-14,54880
2020-04-15,56588
2020-04-16,57779
2020-04-17,59864
2020-04-18,56685
2020-04-19,56778
2020-04-20,58941
2020-04-21,60000
2020-04-22,59072
2020-04-23,56522
2020-04-24,60000
2020-04-25,56378
2020-04-26,55984
2020-04-27,54662
2020-04-28,54707
2020-04-29,55817
2020-04-30,58487
2020-05-01,51900
2020-05-02,52006
2020-05-03,53500
2020-05-04,53234
2020-05-05,51418
2020-05-06,53213
2020-05-07,55254
2020-05-08,50149
2020-05-09,50518
2020-05-10,52892
2020-05-11,52894
2020-05-12,50102
2020-05-13,51240
2020-05-14,50777
2020-05-15,51509
2020-05-16,49743
2020-05-17,51207
2020-05-18,49414
2020-05-19,51474
2020-05-20,49688
2020-05-21,50800
2020-05-22,51353
2020-05-23,51886
2020-05-24,52009
2020-05-25,51243
2020-05-26,51905
2020-05-27,51221
2020-05-28,49922
2020-05-29,50678
2020-05-30,52545
2020-05-31,50993
2020-06-01,44389
2020-06-02,42378
2020-06-03,42736
2020-06-04,39653
2020-06-05,41741
2020-06-06,40001
2020-06-07,42364
2020-06-08,43250
2020-06-09,42927
2020-06-10,41649
2020-06-11,42052
2020-06-12,41511
2020-06-13,41380
2020-06-14,42207
2020-06-15,41574
2020-06-16,41302
2020-06-17,42401
2020-06-18,41275
2020-06-19,41941
2020-06-20,40000
2020-06-21,41984
2020-06-22,41566
2020-06-23,37856
2020-06-24,41555
2020-06-25,41355
2020-06-26,42605
2020-06-27,43222
2020-06-28,39098
2020-06-29,38620
2020-06-30,40270
2020-07-01,34187
2020-07-02,36785
2020-07-03,35226
2020-07-04,35552
2020-07-05,35236
2020-07-06,32654
2020-07-07,33055
2020-07-08,35997
2020-07-09,33619
2020-07-10,33013
2020-07-11,32898
2020-07-12,36548
2020-07-13,34243
2020-07-14,33079
2020-07-15,35738
2020-07-16,34185
2020-07-17,33638
2020-07-18,33776
2020-07-19,33176
2020-07-20,34473
2020-07-21,31857
2020-07-22,31655
2020-07-23,33483
2020-07-24,33084
2020-07-25,32093
2020-07-26,34001
2020-07-27,32568
2020-07-28,32552
2020-07-29,32097
2020-07-30,35676
2020-07-31,33303
2020-08-01,30872
2020-08-02,32247
2020-08-03,29952
2020-08-04,30981
2020-08-05,33275
2020-08-06,30341
2020-08-07,31846
2020-08-08,31724
2020-08-09,30213
2020-08-10,30929
2020-08-11,31454
2020-08-12,30436
2020-08-13,30802
2020-08-14,29805
2020-08-15,30597
2020-08-16,31345
2020-08-17,31325
2020-08-18,29638
2020-08-19,28153
2020-08-20,29355
2020-08-21,28928
2020-08-22,30398
2020-08-23,30540
2020-08-24,30195
2020-08-25,31283
2020-08-26,30340
2020-08-27,28491
2020-08-28,29283
2020-08-29,30279
2020-08-30,29526
2020-08-31,31365
2020-09-01,30820
2020-09-02,31290
2020-09-03,30168
2020-09-04,31826
2020-09-05,29590
2020-09-06,29911
2020-09-07,30489
2020-09-08,30197
2020-09-09,31377
2020-09-10,29885
2020-09-11,30791
2020-09-12,30495
2020-09-13,30050
2020-09-14,31561
2020-09-15,30794
2020-09-16,32341
2020-09-17,28949
2020-09-18,30340
2020-09-19,29438
2020-09-20,29648
2020-09-21,28111
2020-09-22,30622
2020-09-23,30393
2020-09-24,30676
2020-09-25,30899
2020-09-26,29487
2020-09-27,30471
2020-09-28,28280
2020-09-29,29199
2020-09-30,30360
2020-10-01,39215
2020-10-02,36929
2020-10-03,37346
2020-10-04,36993
2020-10-05,35686
2020-10-06,38280
2020-10-07,34857
2020-10-08,39608
2020-10-09,35719
2020-10-10,36883
2020-10-11,39115
2020-10-12,39040
2020-10-13,36131
2020-10-14,36034
2020-10-15,36357
2020-10-16,37098
2020-10-17,39496
2020-10-18,37292
2020-10-19,39112
2020-10-20,36261
2020-10-21,36445
2020-10-22,37117
2020-10-23,36559
2020-10-24,36625
2020-10-25,38485
2020-10-26,36705
2020-10-27,37035
2020-10-28,39135
2020-10-29,39167
2020-10-30,36995
2020-10-31,37653
2020-11-01,44877
2020-11-02,45784
2020-11-03,43994
2020-11-04,44113
2020-11-05,46190
2020-11-06,42720
2020-11-07,46670
2020-11-08,41833
2020-11-09,43545
2020-11-10,42050
2020-11-11,47043
2020-11-12,44711
2020-11-13,43663
2020-11-14,42729
2020-11-15,44552
2020-11-16,47298
2020-11-17,46909
2020-11-18,45561
2020-11-19,46269
2020-11-20,44418
2020-11-21,43809
2020-11-22,44254
2020-11-23,46328
2020-11-24,45376
2020-11-25,44786
2020-11-26,45037
2020-11-27,47003
2020-11-28,46452
2020-11-29,46158
2020-11-30,43433
2020-12-01,41063
2020-12-02,42312
2020-12-03,43037
2020-12-04,41188
2020-12-05,43467
2020-12-06,46219
2020-12-07,44707
2020-12-08,43721
2020-12-09,43679
2020-12-10,42181
2020-12-11,41923
2020-12-12,46667
2020-12-13,42103
2020-12-14,43685
2020-12-15,42652
2020-12-16,42786
2020-12-17,42339
2020-12-18,43814
2020-12-19,43956
2020-12-20,45021
2020-12-21,44804
2020-12-22,44849
2020-12-23,44324
2020-12-24,45387
2020-12-25,44300
2020-12-26,45711
2020-12-27,41348
2020-12-28,44741
2020-12-29,44845
2020-12-30,46061
2020-12-31,45836
2021-01-01,41982
2021-01-02,41997
2021-01-03,39737
2021-01-04,39642
2021-01-05,39158
2021-01-06,40149
2021-01-07,41455
2021-01-08,40784
2021-01-09,41505
2021-01-10,40795
2021-01-11,40426
2021-01-12,40987
2021-01-13,39429
2021-01-14,42094
2021-01-15,42864
2021-01-16,40212
2021-01-17,40203
2021-01-18,44398
2021-01-19,43979
2021-01-20,40747
2021-01-21,41969
2021-01-22,43241
2021-01-23,40921
2021-01-24,42537
2021-01-25,42501
2021-01-26,42907
2021-01-27,41454
2021-01-28,39183
2021-01-29,41421
2021-01-30,42568
2021-01-31,43152
2021-02-01,47989
2021-02-02,50212
2021-02-03,45935
2021-02-04,46796
2021-02-05,48105
2021-02-06,47483
2021-02-07,47634
2021-02-08,47275
2021-02-09,49447
2021-02-10,47748
2021-02-11,47512
2021-02-12,48478
2021-02-13,50701
2021-02-14,48452
2021-02-15,49285
2021-02-16,48365
2021-02-17,47422
2021-02-18,48044
2021-02-19,47653
2021-02-20,47831
2021-02-21,47441
2021-02-22,49741
2021-02-23,50114
2021-02-24,46984
2021-02-25,45824
2021-02-26,49332
2021-02-27,47900
2021-02-28,48744
2021-03-01,55990
2021-03-02,52043
2021-03-03,56347
2021-03-04,54872
2021-03-05,52324
2021-03-06,55897
2021-03-07,54868
2021-03-08,56055
2021-03-09,55985
2021-03-10,54012
2021-03-11,51954
2021-03-12,56092
2021-03-13,55294
2021-03-14,55055
2021-03-15,54816
2021-03-16,55544
2021-03-17,53825
2021-03-18,53779
2021-03-19,56100
2021-03-20,56379
2021-03-21,57539
2021-03-22,55506
2021-03-23,55686
2021-03-24,54138
2021-03-25,53254
2021-03-26,54703
2021-03-27,56141
2021-03-28,54931
2021-03-29,54783
2021-03-30,57200
2021-03-31,53587
2021-04-01,57023
2021-04-02,56376
2021-04-03,57985
2021-04-04,57386
2021-04-05,56152
2021-04-06,59937
2021-04-07,56662
2021-04-08,56544
2021-04-09,57352
2021-04-10,55671
2021-04-11,55275
2021-04-12,56571
2021-04-13,56977
2021-04-14,57475
2021-04-15,56406
2021-04-16,55534
2021-04-17,56258
2021-04-18,57458
2021-04-19,57104
2021-04-20,56649
2021-04-21,57222
2021-04-22,54626
2021-04-23,59829
2021-04-24,57769
2021-04-25,56066
2021-04-26,58263
2021-04-27,56178
2021-04-28,57414
2021-04-29,56415
2021-04-30,55867
2021-05-01,51197
2021-05-02,53699
2021-05-03,51841
2021-05-04,54069
2021-05-05,51554
2021-05-06,50600
2021-05-07,51878
2021-05-08,50287
2021-05-09,53752
2021-05-10,52241
2021-05-11,52507
2021-05-12,53005
2021-05-13,51595
2021-05-14,51679
2021-05-15,52460
2021-05-16,52919
2021-05-17,50778
2021-05-18,52672
2021-05-19,52108
2021-05-20,51433
2021-05-21,52217
2021-05-22,51288
2021-05-23,53145
2021-05-24,50910
2021-05-25,52913
2021-05-26,51145
2021-05-27,52131
2021-05-28,48508
2021-05-29,48214
2021-05-30,49799
2021-05-31,50172
2021-06-01,42436
2021-06-02,42787
2021-06-03,41537
2021-06-04,40718
2021-06-05,42513
2021-06-06,42436
2021-06-07,41827
2021-06-08,43301
2021-06-09,41015
2021-06-10,39868
2021-06-11,41687
2021-06-12,43194
2021-06-13,41002
2021-06-14,41724
2021-06-15,42125
2021-06-16,41793
2021-06-17,41912
2021-06-18,40031
2021-06-19,38631
2021-06-20,41033
2021-06-21,41515
2021-06-22,40323
2021-06-23,40942
2021-06-24,38946
2021-06-25,41652
2021-06-26,38752
2021-06-27,39676
2021-06-28,40035
2021-06-29,40006
2021-06-30,39960
2021-07-01,36095
2021-07-02,36115
2021-07-03,35275
2021-07-04,34128
2021-07-05,35944
2021-07-06,34214
2021-07-07,34060
2021-07-08,34913
2021-07-09,32663
2021-07-10,33752
2021-07-11,33991
2021-07-12,34325
2021-07-13,32417
2021-07-14,33689
2021-07-15,33907
2021-07-16,33633
2021-07-17,32502
2021-07-18,33333
2021-07-19,35036
2021-07-20,35690
2021-07-21,33382
2021-07-22,31685
2021-07-23,34121
2021-07-24,34589
2021-07-25,32864
2021-07-26,33501
2021-07-27,31595
2021-07-28,31297
2021-07-29,30470
2021-07-30,30901
2021-07-31,32432
2021-08-01,32792
2021-08-02,32058
2021-08-03,30881
2021-08-04,31867
2021-08-05,31683
2021-08-06,31425
2021-08-07,31605
2021-08-08,30879
2021-08-09,30852
2021-08-10,31232
2021-08-11,32811
2021-08-12,30187
2021-08-13,29655
2021-08-14,31341
2021-08-15,30705
2021-08-16,30434
2021-08-17,31824
2021-08-18,30340
2021-08-19,29373
2021-08-20,29655
2021-08-21,29821
2021-08-22,30180
2021-08-23,29699
2021-08-24,29726
2021-08-25,29812
2021-08-26,30270
2021-08-27,31413
2021-08-28,29661
2021-08-29,30276
2021-08-30,29496
2021-08-31,31837
2021-09-01,31396
2021-09-02,31076
2021-09-03,30278
2021-09-04,29794
2021-09-05,30594
2021-09-06,32344
2021-09-07,30073
2021-09-08,30355
2021-09-09,32091
2021-09-10,30489
2021-09-11,31034
2021-09-12,30504
2021-09-13,31021
2021-09-14,29029
2021-09-15,30081
2021-09-16,29812
2021-09-17,28239
2021-09-18,29618
2021-09-19,31459
2021-09-20,28470
2021-09-21,28417
2021-09-22,28892
2021-09-23,29105
2021-09-24,28201
2021-09-25,29606
2021-09-26,29490
2021-09-27,30789
2021-09-28,30783
2021-09-29,30368
2021-09-30,30073
2021-10-01,36027
2021-10-02,37347
2021-10-03,35888
2021-10-04,37944
2021-10-05,36532
2021-10-06,36222
2021-10-07,37131
2021-10-08,36886
2021-10-09,32428
2021-10-10,37092
2021-10-11,37510
2021-10-12,37125
2021-10-13,37515
2021-10-14,38149
2021-10-15,36586
2021-10-16,35745
2021-10-17,37163
2021-10-18,39136
2021-10-19,37880
2021-10-20,36327
2021-10-21,33797
2021-10-22,36287
2021-10-23,37153
2021-10-24,36610
2021-10-25,37727
2021-10-26,38313
2021-10-27,33631
2021-10-28,35498
2021-10-29,37397
2021-10-30,36868
2021-10-31,36732
2021-11-01,42012
2021-11-02,44466
2021-11-03,47104
2021-11-04,45949
2021-11-05,40939
2021-11-06,44769
2021-11-07,48244
2021-11-08,44947
2021-11-09,43321
2021-11-10,44100
2021-11-11,43190
2021-11-12,43567
2021-11-13,43281
2021-11-14,44272
2021-11-15,44986
2021-11-16,43941
2021-11-17,46017
2021-11-18,46109
2021-11-19,44705
2021-11-20,45289
2021-11-21,44319
2021-11-22,44008
2021-11-23,47092
2021-11-24,43403
2021-11-25,45340
2021-11-26,43872
2021-11-27,41614
2021-11-28,47263
2021-11-29,45766
2021-11-30,44331
2021-12-01,42863
2021-12-02,42365
2021-12-03,43216
2021-12-04,44082
2021-12-05,40922
2021-12-06,42522
2021-12-07,42171
2021-12-08,40542
2021-12-09,43246
2021-12-10,41959
2021-12-11,43649
2021-12-12,44716
2021-12-13,41192
2021-12-14,42132
2021-12-15,43390
2021-12-16,44006
2021-12-17,43715
2021-12-18,41422
2021-12-19,44378
2021-12-20,44147
2021-12-21,45347
2021-12-22,43093
2021-12-23,41966
2021-12-24,43071
2021-12-25,43601
2021-12-26,43689
2021-12-27,43764
2021-12-28,44623
2021-12-29,44232
2021-12-30,46281
2021-12-31,44305
2022-01-01,40153
2022-01-02,41577
2022-01-03,41388
2022-01-04,40500
2022-01-05,40895
2022-01-06,39941
2022-01-07,40386
2022-01-08,39411
2022-01-09,42539
2022-01-10,41766
2022-01-11,39785
2022-01-12,40773
2022-01-13,41451
2022-01-14,39763
2022-01-15,41061
2022-01-16,43085
2022-01-17,40250
2022-01-18,42345
2022-01-19,39344
2022-01-20,41865
2022-01-21,41018
2022-01-22,42446
2022-01-23,42317
2022-01-24,41465
2022-01-25,42089
2022-01-26,42205
2022-01-27,43025
2022-01-28,44249
2022-01-29,41736
2022-01-30,42503
2022-01-31,41637
2022-02-01,48273
2022-02-02,46186
2022-02-03,45921
2022-02-04,46433
2022-02-05,46328
2022-02-06,48199
2022-02-07,50341
2022-02-08,47206
2022-02-09,49427
2022-02-10,48485
2022-02-11,49618
2022-02-12,48102
2022-02-13,48129
2022-02-14,49303
2022-02-15,47105
2022-02-16,51567
2022-02-17,48972
2022-02-18,49176
2022-02-19,48170
2022-02-20,49348
2022-02-21,48518
2022-02-22,50064
2022-02-23,49412
2022-02-24,49178
2022-02-25,49152
2022-02-26,48501
2022-02-27,48677
2022-02-28,49679
2022-03-01,50858
2022-03-02,54543
2022-03-03,52260
2022-03-04,55408
2022-03-05,56418
2022-03-06,54049
2022-03-07,52706
2022-03-08,54481
2022-03-09,54584
2022-03-10,55038
2022-03-11,54106
2022-03-12,52291
2022-03-13,54674
2022-03-14,52999
2022-03-15,55960
2022-03-16,54907
2022-03-17,56178
2022-03-18,53358
2022-03-19,55893
2022-03-20,55726
2022-03-21,54133
2022-03-22,53876
2022-03-23,55919
2022-03-24,55270
2022-03-25,55983
2022-03-26,56734
2022-03-27,54848
2022-03-28,55006
2022-03-29,54801
2022-03-30,55211
2022-03-31,54866
2022-04-01,58527
2022-04-02,58936
2022-04-03,54457
2022-04-04,55867
2022-04-05,57114
2022-04-06,56316
2022-04-07,60000
2022-04-08,57085
2022-04-09,54498
2022-04-10,57667
2022-04-11,59235
2022-04-12,58525
2022-04-13,58118
2022-04-14,57259
2022-04-15,56101
2022-04-16,56077
2022-04-17,52855
2022-04-18,58884
2022-04-19,56558
2022-04-20,56615
2022-04-21,56719
2022-04-22,53846
2022-04-23,57031
2022-04-24,55537
2022-04-25,57901
2022-04-26,55021
2022-04-27,55040
2022-04-28,56682
2022-04-29,58097
2022-04-30,55872
2022-05-01,49681
2022-05-02,54039
2022-05-03,53111
2022-05-04,52381
2022-05-05,51362
2022-05-06,52800
2022-05-07,52749
2022-05-08,53223
2022-05-09,50707
2022-05-10,54375
2022-05-11,50745
2022-05-12,51466
2022-05-13,52872
2022-05-14,50024
2022-05-15,51935
2022-05-16,52722
2022-05-17,51895
2022-05-18,49732
2022-05-19,49754
2022-05-20,52480
2022-05-21,49718
2022-05-22,50759
2022-05-23,51878
2022-05-24,53095
2022-05-25,48557
2022-05-26,51570
2022-05-27,50649
2022-05-28,50352
2022-05-29,50624
2022-05-30,49322
2022-05-31,52422
2022-06-01,40472
2022-06-02,40521
2022-06-03,42633
2022-06-04,41225
2022-06-05,41849
2022-06-06,43946
2022-06-07,41724
2022-06-08,40900
2022-06-09,43817
2022-06-10,40141
2022-06-11,42592
2022-06-12,42169
2022-06-13,44015
2022-06-14,38839
2022-06-15,40075
2022-06-16,39255
2022-06-17,41127
2022-06-18,42589
2022-06-19,42772
2022-06-20,41039
2022-06-21,41639
2022-06-22,40753
2022-06-23,41585
2022-06-24,40554
2022-06-25,40797
2022-06-26,40749
2022-06-27,41436
2022-06-28,41837
2022-06-29,43765
2022-06-30,39876
2022-07-01,35081
2022-07-02,34348
2022-07-03,33523
2022-07-04,34319
2022-07-05,35373
2022-07-06,33848
2022-07-07,33703
2022-07-08,35717
2022-07-09,34207
2022-07-10,34443
2022-07-11,36258
2022-07-12,34378
2022-07-13,33184
2022-07-14,33656
2022-07-15,34728
2022-07-16,33579
2022-07-17,35366
2022-07-18,34402
2022-07-19,33803
2022-07-20,32736
2022-07-21,34414
2022-07-22,34707
2022-07-23,34049
2022-07-24,33596
2022-07-25,32393
2022-07-26,31746
2022-07-27,32948
2022-07-28,32210
2022-07-29,31378
2022-07-30,32497
2022-07-31,33100
2022-08-01,17015
2022-08-02,20278
2022-08-03,21497
2022-08-04,19135
2022-08-05,17726
2022-08-06,18931
2022-08-07,18772
2022-08-08,20044
2022-08-09,20054
2022-08-10,18790
2022-08-11,19587
2022-08-12,18995
2022-08-13,18757
2022-08-14,19318
2022-08-15,18853
2022-08-16,17546
2022-08-17,19963
2022-08-18,18254
2022-08-19,18265
2022-08-20,20450
2022-08-21,18624
2022-08-22,18359
2022-08-23,16841
2022-08-24,21221
2022-08-25,16389
2022-08-26,16251
2022-08-27,18324
2022-08-28,18737
2022-08-29,18730
2022-08-30,18117
2022-08-31,18072
2022-09-01,31456
2022-09-02,30539
2022-09-03,31289
2022-09-04,29982
2022-09-05,31519
2022-09-06,29442
2022-09-07,31285
2022-09-08,31069
2022-09-09,30456
2022-09-10,31520
2022-09-11,28767
2022-09-12,30416
2022-09-13,31509
2022-09-14,27964
2022-09-15,28831
2022-09-16,26745
2022-09-17,31693
2022-09-18,28142
2022-09-19,29299
2022-09-20,30070
2022-09-21,29771
2022-09-22,31353
2022-09-23,29474
2022-09-24,29376
2022-09-25,29324
2022-09-26,28542
2022-09-27,29889
2022-09-28,30128
2022-09-29,29507
2022-09-30,29537
2022-10-01,38508
2022-10-02,35545
2022-10-03,37206
2022-10-04,36041
2022-10-05,37831
2022-10-06,33286
2022-10-07,36459
2022-10-08,37952
2022-10-09,36828
2022-10-10,36788
2022-10-11,37265
2022-10-12,37767
2022-10-13,37339
2022-10-14,36775
2022-10-15,35042
2022-10-16,35937
2022-10-17,36445
2022-10-18,38169
2022-10-19,36089
2022-10-20,37591
2022-10-21,38240
2022-10-22,37572
2022-10-23,36268
2022-10-24,37254
2022-10-25,37500
2022-10-26,38046
2022-10-27,39164
2022-10-28,37054
2022-10-29,36052
2022-10-30,36876
2022-10-31,36223
2022-11-01,43523
2022-11-02,43999
2022-11-03,44541
2022-11-04,43919
2022-11-05,43186
2022-11-06,45170
2022-11-07,43494
2022-11-08,41004
2022-11-09,44215
2022-11-10,44536
2022-11-11,45076
2022-11-12,43891
2022-11-13,43271
2022-11-14,44564
2022-11-15,43969
2022-11-16,46297
2022-11-17,42496
2022-11-18,42653
2022-11-19,45150
2022-11-20,45491
2022-11-21,45105
2022-11-22,48111
2022-11-23,44334
2022-11-24,44216
2022-11-25,44627
2022-11-26,44633
2022-11-27,44357
2022-11-28,44490
2022-11-29,44037
2022-11-30,45400
2022-12-01,43034
2022-12-02,42085
2022-12-03,40305
2022-12-04,43090
2022-12-05,42728
2022-12-06,43026
2022-12-07,41052
2022-12-08,43754
2022-12-09,43752
2022-12-10,43407
2022-12-11,45117
2022-12-12,44324
2022-12-13,41969
2022-12-14,44737
2022-12-15,45058
2022-12-16,40887
2022-12-17,42804
2022-12-18,44307
2022-12-19,43937
2022-12-20,43406
2022-12-21,43934
2022-12-22,43931
2022-12-23,44313
2022-12-24,44212
2022-12-25,43567
2022-12-26,43387
2022-12-27,45147
2022-12-28,45526
2022-12-29,44998
2022-12-30,42952
2022-12-31,46833
2023-01-01,41616
2023-01-02,41006
2023-01-03,40920
2023-01-04,39653
2023-01-05,40586
2023-01-06,40211
2023-01-07,42614
2023-01-08,41801
2023-01-09,41681
2023-01-10,40115
2023-01-11,41756
2023-01-12,41975
2023-01-13,42037
2023-01-14,40409
2023-01-15,42447
2023-01-16,39689
2023-01-17,41913
2023-01-18,39170
2023-01-19,39243
2023-01-20,41565
2023-01-21,43116
2023-01-22,43813
2023-01-23,40937
2023-01-24,42006
2023-01-25,43207
2023-01-26,42899
2023-01-27,40722
2023-01-28,41819
2023-01-29,44875
2023-01-30,43202
2023-01-31,42642
2023-02-01,45995
2023-02-02,46657
2023-02-03,46546
2023-02-04,48021
2023-02-05,47258
2023-02-06,51364
2023-02-07,49769
2023-02-08,48833
2023-02-09,47443
2023-02-10,49367
2023-02-11,47763
2023-02-12,48243
2023-02-13,48344
2023-02-14,48483
2023-02-15,46550
2023-02-16,49776
2023-02-17,46373
2023-02-18,49151
2023-02-19,48424
2023-02-20,50268
2023-02-21,49374
2023-02-22,49926
2023-02-23,47762
2023-02-24,48190
2023-02-25,49357
2023-02-26,49453
2023-02-27,49770
2023-02-28,49976
2023-03-01,54885
2023-03-02,52656
2023-03-03,54114
2023-03-04,55405
2023-03-05,53217
2023-03-06,56748
2023-03-07,54307
2023-03-08,54622
2023-03-09,55971
2023-03-10,53332
2023-03-11,53955
2023-03-12,54873
2023-03-13,57656
2023-03-14,57017
2023-03-15,55078
2023-03-16,53557
2023-03-17,55599
2023-03-18,57122
2023-03-19,55614
2023-03-20,56599
2023-03-21,55899
2023-03-22,57900
2023-03-23,55838
2023-03-24,53943
2023-03-25,54690
2023-03-26,54814
2023-03-27,53542
2023-03-28,57717
2023-03-29,55761
2023-03-30,57453
2023-03-31,55502
2023-04-01,56331
2023-04-02,57543
2023-04-03,55666
2023-04-04,55095
2023-04-05,56213
2023-04-06,57230
2023-04-07,57038
2023-04-08,56304
2023-04-09,58571
2023-04-10,56412
2023-04-11,55023
2023-04-12,58390
2023-04-13,56769
2023-04-14,54296
2023-04-15,54884
2023-04-16,56017
2023-04-17,57887
2023-04-18,58497
2023-04-19,57908
2023-04-20,55486
2023-04-21,57041
2023-04-22,57116
2023-04-23,56207
2023-04-24,56761
2023-04-25,55831
2023-04-26,55350
2023-04-27,55010
2023-04-28,54046
2023-04-29,55087
2023-04-30,55833
2023-05-01,52230
2023-05-02,48308
2023-05-03,51567
2023-05-04,52686
2023-05-05,50757
2023-05-06,51507
2023-05-07,53742
2023-05-08,50599
2023-05-09,50651
2023-05-10,54372
2023-05-11,51457
2023-05-12,51064
2023-05-13,51935
2023-05-14,48208
2023-05-15,49842
2023-05-16,51831
2023-05-17,51707
2023-05-18,51576
2023-05-19,51524
2023-05-20,51719
2023-05-21,52914
2023-05-22,51065
2023-05-23,50179
2023-05-24,50145
2023-05-25,49117
2023-05-26,52979
2023-05-27,51131
2023-05-28,49029
2023-05-29,51395
2023-05-30,48218
2023-05-31,49203
2023-06-01,44181
2023-06-02,41870
2023-06-03,43760
2023-06-04,42780
2023-06-05,41318
2023-06-06,42232
2023-06-07,42108
2023-06-08,41713
2023-06-09,41845
2023-06-10,43379
2023-06-11,43020
2023-06-12,41808
2023-06-13,40720
2023-06-14,42309
2023-06-15,41130
2023-06-16,40391
2023-06-17,41190
2023-06-18,42301
2023-06-19,39365
2023-06-20,42447
2023-06-21,41426
2023-06-22,41613
2023-06-23,41668
2023-06-24,39763
2023-06-25,38764
2023-06-26,39353
2023-06-27,39541
2023-06-28,38894
2023-06-29,40638
2023-06-30,40030
2023-07-01,34915
2023-07-02,35952
2023-07-03,35872
2023-07-04,36185
2023-07-05,35013
2023-07-06,34896
2023-07-07,34632
2023-07-08,33738
2023-07-09,32442
2023-07-10,34811
2023-07-11,32952
2023-07-12,33970
2023-07-13,32970
2023-07-14,35482
2023-07-15,31213
2023-07-16,34073
2023-07-17,33734
2023-07-18,34570
2023-07-19,34248
2023-07-20,33580
2023-07-21,32458
2023-07-22,32354
2023-07-23,34324
2023-07-24,32412
2023-07-25,31595
2023-07-26,33234
2023-07-27,33235
2023-07-28,33723
2023-07-29,33338
2023-07-30,33248
2023-07-31,30950
2023-08-01,32752
2023-08-02,33593
2023-08-03,31154
2023-08-04,31112
2023-08-05,30190
2023-08-06,29969
2023-08-07,30641
2023-08-08,31091
2023-08-09,28962
2023-08-10,29032
2023-08-11,31275
2023-08-12,31399
2023-08-13,31782
2023-08-14,29877
2023-08-15,29762
2023-08-16,32732
2023-08-17,30559
2023-08-18,29862
2023-08-19,29378
2023-08-20,29039
2023-08-21,30620
2023-08-22,31667
2023-08-23,30491
2023-08-24,30309
2023-08-25,29120
2023-08-26,30189
2023-08-27,29742
2023-08-28,29629
2023-08-29,29706
2023-08-30,29287
2023-08-31,30134
2023-09-01,31098
2023-09-02,29392
2023-09-03,29910
2023-09-04,32758
2023-09-05,29838
2023-09-06,31921
2023-09-07,29367
2023-09-08,29717
2023-09-09,27850
2023-09-10,31561
2023-09-11,31522
2023-09-12,30330
2023-09-13,31342
2023-09-14,29606
2023-09-15,28156
2023-09-16,28500
2023-09-17,28829
2023-09-18,28440
2023-09-19,28859
2023-09-20,29866
2023-09-21,30605
2023-09-22,29019
2023-09-23,30491
2023-09-24,30242
2023-09-25,29585
2023-09-26,30636
2023-09-27,30754
2023-09-28,29481
2023-09-29,30379
2023-09-30,30031
2023-10-01,37183
2023-10-02,35991
2023-10-03,37493
2023-10-04,37269
2023-10-05,36862
2023-10-06,36924
2023-10-07,35863
2023-10-08,36778
2023-10-09,39330
2023-10-10,37425
2023-10-11,36826
2023-10-12,37558
2023-10-13,36794
2023-10-14,38118
2023-10-15,37231
2023-10-16,37697
2023-10-17,39522
2023-10-18,38477
2023-10-19,38414
2023-10-20,38274
2023-10-21,36703
2023-10-22,38819
2023-10-23,39757
2023-10-24,37933
2023-10-25,36699
2023-10-26,37168
2023-10-27,38656
2023-10-28,39437
2023-10-29,38238
2023-10-30,36984
2023-10-31,38236
2023-11-01,45291
2023-11-02,43947
2023-11-03,44265
2023-11-04,43721
2023-11-05,43617
2023-11-06,43823
2023-11-07,44096
2023-11-08,43300
2023-11-09,44348
2023-11-10,44218
2023-11-11,44416
2023-11-12,45949
2023-11-13,44991
2023-11-14,43384
2023-11-15,44420
2023-11-16,44480
2023-11-17,45907
2023-11-18,46954
2023-11-19,46742
2023-11-20,44569
2023-11-21,44155
2023-11-22,44047
2023-11-23,44010
2023-11-24,46446
2023-11-25,47574
2023-11-26,45635
2023-11-27,45914
2023-11-28,47193
2023-11-29,45261
2023-11-30,45903
2023-12-01,40918
2023-12-02,40909
2023-12-03,44873
2023-12-04,42019
2023-12-05,42473
2023-12-06,41593
2023-12-07,42236
2023-12-08,44468
2023-12-09,44506
2023-12-10,44278
2023-12-11,43441
2023-12-12,45842
2023-12-13,44261
2023-12-14,45862
2023-12-15,42878
2023-12-16,42193
2023-12-17,48520
2023-12-18,42255
2023-12-19,41793
2023-12-20,43885
2023-12-21,44397
2023-12-22,44353
2023-12-23,43715
2023-12-24,43350
2023-12-25,46065
2023-12-26,44645
2023-12-27,43840
2023-12-28,44491
2023-12-29,42006
2023-12-30,44023
2023-12-31,44359
2024-01-01,42180
2024-01-02,40975
2024-01-03,40146
2024-01-04,41202
2024-01-05,38480
2024-01-06,44002
2024-01-07,39207
2024-01-08,38658
2024-01-09,40053
2024-01-10,41159
2024-01-11,39200
2024-01-12,40476
2024-01-13,40495
2024-01-14,41484
2024-01-15,39545
2024-01-16,41967
2024-01-17,41745
2024-01-18,40738
2024-01-19,42233
2024-01-20,41209
2024-01-21,42953
2024-01-22,43737
2024-01-23,42379
2024-01-24,43070
2024-01-25,42022
2024-01-26,37144
2024-01-27,41986
2024-01-28,38963
2024-01-29,42566
2024-01-30,42368
2024-01-31,41996
2024-02-01,49172
2024-02-02,48439
2024-02-03,47419
2024-02-04,48659
2024-02-05,49446
2024-02-06,49498
2024-02-07,45951
2024-02-08,48736
2024-02-09,46509
2024-02-10,47269
2024-02-11,48042
2024-02-12,48488
2024-02-13,50029
2024-02-14,47679
2024-02-15,48299
2024-02-16,47651
2024-02-17,49564
2024-02-18,49338
2024-02-19,47387
2024-02-20,47805
2024-02-21,50605
2024-02-22,49659
2024-02-23,48949
2024-02-24,49000
2024-02-25,46059
2024-02-26,49953
2024-02-27,50882
2024-02-28,52253
2024-02-29,52157
2024-03-01,56997
2024-03-02,54056
2024-03-03,54028
2024-03-04,55446
2024-03-05,54476
2024-03-06,53785
2024-03-07,57273
2024-03-08,55881
2024-03-09,55226
2024-03-10,53739
2024-03-11,53709
2024-03-12,53489
2024-03-13,52895
2024-03-14,56692
2024-03-15,54174
2024-03-16,55019
2024-03-17,53921
2024-03-18,54934
2024-03-19,54886
2024-03-20,55164
2024-03-21,53910
2024-03-22,52674
2024-03-23,55857
2024-03-24,55445
2024-03-25,52509
2024-03-26,54747
2024-03-27,57604
2024-03-28,54122
2024-03-29,53106
2024-03-30,55600
2024-03-31,55963
2024-04-01,55230
2024-04-02,55893
2024-04-03,54921
2024-04-04,60000
2024-04-05,56152
2024-04-06,56283
2024-04-07,55083
2024-04-08,56641
2024-04-09,58877
2024-04-10,53732
2024-04-11,56718
2024-04-12,60000
2024-04-13,57265
2024-04-14,56308
2024-04-15,56531
2024-04-16,54984
2024-04-17,54921
2024-04-18,54434
2024-04-19,56806
2024-04-20,57913
2024-04-21,55698
2024-04-22,55497
2024-04-23,56853
2024-04-24,60000
2024-04-25,53604
2024-04-26,55208
2024-04-27,57940
2024-04-28,58048
2024-04-29,56074
2024-04-30,58158
2024-05-01,54002
2024-05-02,53819
2024-05-03,54897
2024-05-04,52127
2024-05-05,55777
2024-05-06,52916
2024-05-07,53825
2024-05-08,49252
2024-05-09,50622
2024-05-10,49395
2024-05-11,51861
2024-05-12,52052
2024-05-13,51083
2024-05-14,51955
2024-05-15,51751
2024-05-16,51007
2024-05-17,49362
2024-05-18,50982
2024-05-19,51462
2024-05-20,48510
2024-05-21,48644
2024-05-22,47848
2024-05-23,54065
2024-05-24,53505
2024-05-25,54258
2024-05-26,49600
2024-05-27,50721
2024-05-28,50710
2024-05-29,51971
2024-05-30,50236
2024-05-31,52179
2024-06-01,42093
2024-06-02,45374
2024-06-03,44143
2024-06-04,41086
2024-06-05,43299
2024-06-06,40948
2024-06-07,42522
2024-06-08,39224
2024-06-09,43515
2024-06-10,42752
2024-06-11,43263
2024-06-12,40525
2024-06-13,41763
2024-06-14,41378
2024-06-15,41269
2024-06-16,40330
2024-06-17,41732
2024-06-18,43971
2024-06-19,40470
2024-06-20,39700
2024-06-21,38938
2024-06-22,41491
2024-06-23,40669
2024-06-24,39803
2024-06-25,40819
2024-06-26,40924
2024-06-27,41006
2024-06-28,41891
2024-06-29,38435
2024-06-30,40827
2024-07-01,36107
2024-07-02,35839
2024-07-03,33946
2024-07-04,33658
2024-07-05,33488
2024-07-06,34025
2024-07-07,33383
2024-07-08,33377
2024-07-09,33876
2024-07-10,34558
2024-07-11,34691
2024-07-12,34687
2024-07-13,34118
2024-07-14,34731
2024-07-15,35615
2024-07-16,34314
2024-07-17,34245
2024-07-18,34177
2024-07-19,33269
2024-07-20,33182
2024-07-21,33202
2024-07-22,33751
2024-07-23,32505
2024-07-24,30813
2024-07-25,31974
2024-07-26,31767
2024-07-27,32192
2024-07-28,32287
2024-07-29,31797
2024-07-30,31936
2024-07-31,33561
2024-08-01,32423
2024-08-02,32374
2024-08-03,30665
2024-08-04,32082
2024-08-05,30730
2024-08-06,30679
2024-08-07,30351
2024-08-08,30782
2024-08-09,30197
2024-08-10,30624
2024-08-11,31184
2024-08-12,30931
2024-08-13,28289
2024-08-14,30668
2024-08-15,31382
2024-08-16,30834
2024-08-17,30485
2024-08-18,29973
2024-08-19,30999
2024-08-20,31381
2024-08-21,28915
2024-08-22,31584
2024-08-23,29760
2024-08-24,29543
2024-08-25,28560
2024-08-26,31044
2024-08-27,30768
2024-08-28,30599
2024-08-29,29121
2024-08-30,27186
2024-08-31,28613
2024-09-01,30943
2024-09-02,29372
2024-09-03,29277
2024-09-04,31453
2024-09-05,29495
2024-09-06,30229
2024-09-07,32904
2024-09-08,31195
2024-09-09,32285
2024-09-10,28586
2024-09-11,30762
2024-09-12,30649
2024-09-13,31148
2024-09-14,30121
2024-09-15,28421
2024-09-16,30959
2024-09-17,27675
2024-09-18,28549
2024-09-19,30059
2024-09-20,30688
2024-09-21,30048
2024-09-22,29384
2024-09-23,30086
2024-09-24,29829
2024-09-25,30403
2024-09-26,29893
2024-09-27,30700
2024-09-28,29788
2024-09-29,30260
2024-09-30,30481
2024-10-01,39075
2024-10-02,37470
2024-10-03,38555
2024-10-04,37856
2024-10-05,35481
2024-10-06,37413
2024-10-07,37779
2024-10-08,35781
2024-10-09,36641
2024-10-10,37803
2024-10-11,34608
2024-10-12,38088
2024-10-13,35916
2024-10-14,39147
2024-10-15,36585
2024-10-16,38496
2024-10-17,36586
2024-10-18,37750
2024-10-19,36200
2024-10-20,36167
2024-10-21,37668
2024-10-22,38097
2024-10-23,35002
2024-10-24,36126
2024-10-25,36001
2024-10-26,37051
2024-10-27,37181
2024-10-28,37714
2024-10-29,38863
2024-10-30,38164
2024-10-31,36894
2024-11-01,44134
2024-11-02,44174
2024-11-03,45488
2024-11-04,43442
2024-11-05,44510
2024-11-06,44512
2024-11-07,40342
2024-11-08,46139
2024-11-09,44674
2024-11-10,44443
2024-11-11,43782
2024-11-12,44541
2024-11-13,43816
2024-11-14,43557
2024-11-15,43311
2024-11-16,42804
2024-11-17,42322
2024-11-18,44072
2024-11-19,44927
2024-11-20,45193
2024-11-21,42851
2024-11-22,44256
2024-11-23,46786
2024-11-24,43173
2024-11-25,46561
2024-11-26,43778
2024-11-27,44262
2024-11-28,43384
2024-11-29,45292
2024-11-30,44411
2024-12-01,37922
2024-12-02,44881
2024-12-03,41829
2024-12-04,42854
2024-12-05,42393
2024-12-06,44069
2024-12-07,41324
2024-12-08,42645
2024-12-09,41815
2024-12-10,42383
2024-12-11,43598
2024-12-12,43161
2024-12-13,43727
2024-12-14,40918
2024-12-15,43279
2024-12-16,44419
2024-12-17,41960
2024-12-18,42693
2024-12-19,45897
2024-12-20,45175
2024-12-21,42781
2024-12-22,43148
2024-12-23,46216
2024-12-24,45876
2024-12-25,45155
2024-12-26,46691
2024-12-27,46094
2024-12-28,41475
2024-12-29,45340
